 , ATAGGCTGTTTGATCG, ,
 , TGAGTCACATTGTGAC, ,
 , TTTGAGGAGCTGCTCG, ,
 , GCAGCTGGTGGATTCT, ,
 , TGAGTCACATTGTGAC, ,
 , TGAGTCACATTGTGAC, ,
 , TGAGTCACATTGTGAC, ,
 , CATTGGATCCATCATT, ,
 , ATTACCTTCGCTACCT, ,
 , CGCTAGGGTGTTAGAA, ,
 , CGCTCGGGGGGTAGAA, ,
 , CGCTAGGGTGTTAGAA, ,
 , CGCTAGGGTGTTAGAA, ,
 , GCAGCTGGTGGATTCT, ,
 , ACAATCGCACTGAAGG, ,
 , ACATGGTGTCATTGGT, ,
 , GCTCACTGTGCTAGTT, ,
 , CCTGCTACACAACGGA, ,
 , AACCGATTCCAGAGTG, ,
 , ACTAACGAGCCATTCA, ,
 , ACTAACGAGCCATTCA, ,
 , ACAAACCTCCATTGAG, ,
 , ACAAACCTCCATTGAG, ,
 , GAAACGCAGGGAAGCG, ,
 , AATGCCACACTGCTCT, ,
 , AATGCCACACTGCTCT, ,
 , AATGCCACACTGCTCT, ,
 , AATGCCACACTGCTCT, ,
 , GAACCGCAGGGAAGCG, ,
 , GCAGCTGGTGGATTCT, ,
 , TCCATCTCACTGATAC, ,
 , TCCATCGCACTGATAC, ,
 , TCCATCGCACTGATAC, ,
 , TCCATCGCACTGATAC, ,
 , GACCTTCTCTCTATTG, ,
 , GCATTCCTCAAGAGAT, ,
 , AGTGTACGTCCTCAGG, ,
 , TGAGTCACATTGTGAC, ,
 , CCGTACTTCCCTATTA, ,
 , GTGGATTAGAACGACC, ,
 , GTGGATTAGAACGACC, ,
 , CGGTGCAGTACTAGAA, ,
 , TGAGTCACATTGTGAC, ,
 , TGAGTCACATTGTGAC, ,
 , CGGTGCAGTACTAGAA, ,
 , TTCAACTCAAAGGTCG, ,
 , TGAGTCACATTGTGAC, ,
 , GGGTGTCTCCGATTGA, ,
 , TGCTTCGAGAGAACCC, ,
 , TGCTTCGAGAGAACCC, ,
 , AGTGTACGTCCTCAGG, ,
 , GAACCGCAGGGAAGCG, ,
 , GAACCGCAGGGAAGCG, ,
 , GAACCGCAGGGAAGCG, ,
 , TTAGGTGAGCTCGGCT, ,
 , GCTCCTAAGGTTAGTA, ,
 , TAGCCCTTCCAGAGAG, ,
 , TCAAAGCCATTATGGC, ,
 , TCAAAGCCATTATGGC, ,
 , GCTGTTCAGGTACTCT, ,
 , GCTGTTCTCTCTGAGA, ,
 , AGCCAGCCATGGCCCA, ,
 , AGCCAGCCATGGCCCA, ,
 , CACTAAGTCTTCAGAG, ,
 , ACCGCAGAGTCCCGCA, ,
 , ACCGCAGAGTCCCGCA, ,
 , ACAATCGCAAAGGCCA, ,
 , TGTAGCATCGCTTCAC, ,
 , TGTAGCATCGCTTCAC, ,
 , GACTAGTAGACCCTAT, ,
 , CACTAAGTCTTCAGAG, ,
 , AAAGGATATTTCGCGC, ,
 , AAAGGATAGTTCGCGC, ,
 , TCGAGCGAGAAATACC, ,
 , GCTGTTCTCTCTGAGA, ,
 , CACTATGTCTTCAGAG, ,
 , CACTAAGTCTTCAGAG, ,
 , CGTTCCAAGTTGCGCC, ,
 , TGCTTCGAGAGAACCC, ,
 , ACATGGTGTAGTTTAG, ,
 , ACATGGTGTAGATTAG, ,
 , CCCAGAGGTCGCTAGC, ,
 , CCCAGAGGTCGCTAGC, ,
 , ACCACAGGTCGCTAGC, ,
 , CCCAGAGGTCGCTAGC, ,
 , CCCAGAGGTCGCTAGC, ,
 , TCAGGGCGTTACGCTA, ,
 , CAGTGCGAGTACCACT, ,
 , CAGTGCGAGTACCACT, ,
 , GCTGTTCTCTCTGAGT, ,
 , AGTCAACTCCATTTTT, ,
 , TCAGCTCCATTCCCGT, ,
 , TCAGCTCCATTCCCGT, ,
 , TCAGCTCCATTCCCGT, ,
 , TCAGCTCCATTCCCGT, ,
 , GCTGTTCTCTCTGAGA, ,
 , TCAGGGCGTTAAGGAG, ,
 , TAGGTCATCAGGGTTT, ,
 , TGCTTCGAGAGAACCC, ,
 , CACAACAGTGCGTAGA, ,
 , GCTGTTCTCTCGGAGT, ,
 , GCTGTTCTCTCTGAGA, ,
 , GCTGTTCTCTCTGAGA, ,
 , AACCGATCAGGTTATC, ,
 , GCTGTTCTCTCTGTGA, ,
 , AGCCAGCCATGGCCCA, ,
 , AGCCAGCCATGGCCCA, ,
 , GCTGTTCTCTATGAGA, ,
 , GCTGTTCTCTCTGAGA, ,
 , CCCTGATGTCCAAGAG, ,
 , CGGTGCAGTACTAGAA, ,
 , AGTGTACGTCCTCAGG, ,
 , GCTGTTCTCTCTGAGA, ,
 , GCTGTTCTCTCTGAGA, ,
 , GCTGTTCTCTCTGAGA, ,
 , TGATGCACAGGTGTGA, ,
 , GGGAACACACAAACAA, ,
 , TGCTTCGAGAGAACCC, ,
 , TGCTTCGAGAGAACCC, ,
 , GCTGTTCTCTCTGAGA, ,
 , CGGTGCAGTACTAGAA, ,
 , CCCTGATGTCCAAGAG, ,
 , CCCTGATGTCCAAGAG, ,
 , TATTGCTTCATACTTC, ,
 , ACAAAGATCGGACGAA, ,
 , ACAAAGATCGGACGAA, ,
 , ACAAAGATCGGACGAA, ,
 , TATTGCTTCATACTTC, ,
 , AAAGGGCTCACTTACT, ,
 , TGAGCCGGTTCAGTAC, ,
 , AAAGGGCTCACTTACT, ,
 , AAAGGGCTCACTTACT, ,
 , ACTATTCAGCGTAGCA, ,
 , TCTCAGCGTCCGTAGC, ,
 , TCTCAGCGTCCGTAGC, ,
 , TCTCAGCGTCCGTAGC, ,
 , CGTTCCAAGCATTCCA, ,
 , CGTTCCAAGCATTCCA, ,
 , TACCTCGCAGCAACAG, ,
 , TACCTCGCAGCAACAG, ,
 , CTTCTAACATTTGGCA, ,
 , CTTCTAACATTTGGCA, ,
 , GTGACCTGTATGAAGT, ,
 , GCAGCTGGTGGATTCT, ,
 , TTAGCTTCAATGTAAG, ,
 , AAACTGCAGGGTTCTT, ,
 , GACCGCAGGGAAGCGT, ,
 , GACCGCAGGGAAGCGT, ,
 , GAACCGCAGGGAAGCG, ,
 , GAACCGCAGGGAAGCG, ,
 , GAACCGCAGGGAAGCG, ,
 , GCTGTTCTCTCTGAGA, ,
 , CGGTGCAGTACTAGAA, ,
 , CTGTTCGTCTGGGCGT, ,
 , GCAGCTGGTGGATTCT, ,
 , GAACCGCAGGGACGCG, ,
 , CCTGGGACAAGCAGGT, ,
 , TCAGGGCGTCAAAACC, ,
 , TCAGGGCGTCAATACC, ,
 , TTGACGAAGCCATGGT, ,
 , TCAGGGCGTTACGCTA, ,
 , TCAGGGCGTCCGTAGC, ,
 , GTGATCAAGTCCGCAA, ,
 , GTGATCAAGACCGCAA, ,
 , CAACGTACAAGTAATG, ,
 , GGTCATAGTATGGGTG, ,
 , ATGTACGCACCCTTAC, ,
 , AAGATAGCATTTGGTG, ,
 , AGCTATGGTCCAACCG, ,
 , AGCTATGGTCCAACCG, ,
 , AGCTATGGTCCAACCG, ,
 , AGCTATGGTCCAACCG, ,
 , CGAGTTAAGTCAGGAC, ,
 , GCTGTTCGGTCGGGGA, ,
 , CCGTGGTAGCTGCTCG, ,
 , ACCGCAGAGGTTCGTT, ,
 , TCAGGGCGTTACGGAG, ,
 , TTCTGTAAGACCCTAA, ,
 , GCTGTTCTCTCTGAGA, ,
 , GCTGTTCTCTCTGAGA, ,
 , AGCCAGCCATGGCCCA, ,
 , CCCTGATGTCCAAGAG, ,
 , GCAGCTGGTGGATTCT, ,
 , GACCCAGGTACCGGCT, ,
 , TCAGGGCGTCCGTAGC, ,
 , GCAGCTGGTGGATTCT, ,
 , GCAGCTGGTGGATTCT, ,
 , AACGAGGTCGATCTTT, ,
 , AACGAGGTCGATCTTT, ,
 , AACGAGGTCGATCTTT, ,
 , AACGAGGTCGATCTTT, ,
 , CCCTCTCGTCATCAAC, ,
 , GTGTCTAGCGAATATT, ,
 , GTGTCTAGCGAATATT, ,
 , GCAGCTGGTGGATTCT, ,
 , GCGAGAAAGTAATGTG, ,
 , CTGCTCAAGGTACACG, ,
 , GAACCGCAGGGAAGCG, ,
 , GAACCGCAGGGAAGCG, ,
 , AGCCAGCCATGGCCCA, ,
 , TACGCCCACCGTGCCG, ,
 , AGCCAGCCATGGCCCA, ,
 , CCTGGGATCGGGATCC, ,
 , GCAGCTGGTGGATTCT, ,
 , GCAGCTGGTGGATTCT, ,
 , TCTCAGCTCCATTGAG, ,
 , AGGCGTCAGCGTTAGG, ,
 , TCTCAGCTCCATTGAG, ,
 , TCTCAGCTCCATTGAG, ,
 , TCTCAGCTCCATTGAG, ,
 , TCTCAGCTCCATTGAG, ,
 , TCCCACACAAAGGTCG, ,
 , GCAGCTGGTGGATTCT, ,
 , TTACTTGTCCTCCCAA, ,
 , TTATGTCGTTGAAGCG, ,
 , TCAGGGCGTTACGGAG, ,
 , GCCAGCACACCGTTGG, ,
 , CAGTGCGAGAGTACGA, ,
 , GAACCGCAGGGAAGCG, ,
 , GCAGCTGGTGGATTCT, ,
 , AGCCAGCCATGGCCCA, ,
 , AGCCAGCCATGGCCCA, ,
 , AACGGGACATGGCCCA, ,
 , AGATTCGTCTTGTCAT, ,
 , TGAGTCACATTGTGAC, ,
 , TGAGTCACATTGTGAC, ,
 , TGAGTCACATTGTGAC, ,
 , TGAGTCACATTGTGAC, ,
 , GATGGCCGTTGGTAAA, ,
 , GCTGTTCTCTCTGAGA, ,
 , TTATGTCCAATGCACT, ,
 , TGCCTCAAGGTTCGAG, ,
 , AGCCAGCCATGGCCCA, ,
 , GCGAGTCAGTGCCCTG, ,
 , CCTCCCTGTCAGTGTT, ,
 , TTGTCTACAATGGTAA, ,
 , GTGTCCATCTGTGTGA, ,
 , TGTGACAAGTTGCTTG, ,
 , TGTGACAAGTTGCTTG, ,
 , TGTGACAAGTTGCTTG, ,
 , TTGAGTGGTCCCTAAA, ,
 , GGTGTCGGTCACTCTC, ,
 , GCCAGCACACCGATCG, ,
 , GCCAGCACACCGATCG, ,
 , ACTGCGGAGGACTTTC, ,
 , AATGTCGAGTCGCCTG, ,
 , AATGTCGAGTCGCCTG, ,
 , AATGTCGAGTCGCCTG, ,
 , AATGGCGAGTCGCCTG, ,
 , CATGTCGAGTCGCCTG, ,
 , AATGTCGAGTCGCCTG, ,
 , TTGAGCATCTGGCCAG, ,
 , TTGAGCACAAGGATGC, ,
 , GCATTCCCAATAGCGG, ,
 , GGACACCGTCTTAGCA, ,
 , TCAGGGCGTTACGCTA, ,
 , ACCGCAGGTACGCCCA, ,
 , ACCGCAGGTACGCCCA, ,
 , GCTTGATTCGCTTGAA, ,
 , GCATGATTCGCTTGAA, ,
 , AGCCAGCCATGGCCCA, ,
 , CTACTTACACAGAAGC, ,
 , AGCCAGCCCTGGCCCA, ,
 , TGTGTCCCACATAAAG, ,
 , CCGTAGGTCTTCAGAG, ,
 , CCGTAGGTCTTCAGTG, ,
 , ATGCATGCAGTAACCT, ,
 , AGCCAGCCATGGCCCA, ,
 , AGCCAGCCATGGCCCA, ,
 , TCAGGGCGTCACAGTT, ,
 , CTACTTACACAGAAGC, ,
 , CTACTTACACAGAAGC, ,
 , AGCCAGCCATGGCCCA, ,
 , AGCCTGCGTAGTAACA, ,
 , AGCCTTCGTAGTAACA, ,
 , GGGTGATTCAAGAGAT, ,
 , GTGTGATTCAAGAGAT, ,
 , GTGTGATTCAAGAGAT, ,
 , GTGTGATTCAAGAGAT, ,
 , GTGTGATTCAAGAGAT, ,
 , GTGTGATTCAAGAGAT, ,
 , CCAGAATTCCGGACTG, ,
 , CCAGAATTCCGGACTG, ,
 , CTGGGTCAGCACACCC, ,
 , CTGGGACAGCACACCC, ,
 , TTACCCGCATCGGCTG, ,
 , TGCTTCGAGAGAACCC, ,
 , TGCTCGTGTTTGTGAC, ,
 , TGCTCGTGTTTGTGAC, ,
 , ACCGCAGGTCTAAAGA, ,
 , GAATCTGAGTAGACCG, ,
 , CTCAGAAAGAACCCGA, ,
 , CTGGGACAGCACACCC, ,
 , GCGATCGGTACAACGG, ,
 , GCGATCGGGACAACGG, ,
 , TCAAAGCTCCGTTAGA, ,
 , CTGGGACAGCACACCC, ,
 , CTGGGACAGCACACCC, ,
 , TGAGTCATCGACGGAA, ,
 , TGAGTCATCGACGGAA, ,
 , TCACAAGTCGTGATAC, ,
 , GGACACCGTGCCCTAG, ,
 , GGACACCGTGCCCTAG, ,
 , GCACGGTTCTGAAAGA, ,
 , GCACGGTTCTGAAAGA, ,
 , GCACGGTTCTGAAAGA, ,
 , CCGTAGGTCTTCAGAG, ,
 , GTGCTGGGTTTCACCC, ,
 , TGCTTTAATCAATAAC, ,
 , TGCTTTAAGCAATAAC, ,
 , ACATGCACAATGGTAA, ,
 , TTGTCTACATCATAGC, ,
 , GTGCCAGTCCAACCTC, ,
 , GCTGTTCTCTCTGAGA, ,
 , GTGCCAGTCCAACCTC, ,
 , ACGTTAGTCCAGTACA, ,
 , AGCCAGCCATGGCCCA, ,
 , AATGGCTTCAGGTTTG, ,
 , AATGGCTTCAGGTTTG, ,
 , AATGGCTTCAGGTTTG, ,
 , AATGGCTTCAGGTTTG, ,
 , AATGGCTTCAGGTTTG, ,
 , TCGCCTAGTCATCAAC, ,
 , TCGCCTAGTCATCAAC, ,
 , TCGCCTAGTCATCAAC, ,
 , TCCAGAAGTGTCTCGG, ,
 , TCAGGGCGTTACGCTA, ,
 , GTCACTCAGTTCCCGG, ,
 , GAGTGAGTCCTCCTGA, ,
 , TCAGGGCGTTACGCGA, ,
 , ATCCAGATCGGTCTAA, ,
 , ATCCAGATCGGTCTAA, ,
 , ACGGATTAGGTGAACC, ,
 , GCTGTTCTCTCTGAGA, ,
 , TAGCACAATATCTCAC, ,
 , AGGCGTCCAATGGCTT, ,
 , GCGATCGAGGTAGGAA, ,
 , CCCTAGTCAACAACTC, ,
 , CCCTAGTCAACAACTC, ,
 , CCTCCCTGTATTCGAC, ,
 , GAACCGCAGGGAAGCG, ,
 , GCGATCGAGGTAGGAA, ,
 , GCGGTGTAGTACGACG, ,
 , GCGGTGTAGTACGACG, ,
 , CCTCCCTAGTCGTATC, ,
 , GCAGCTGGTGGATTCT, ,
 , TGAGTCACATTGTGAC, ,
 , GCAGCTGGTGGATTCT, ,
 , AGGCCCAGTGTAGGAC, ,
 , TCCAGAAAGACGTCAG, ,
 , CACCTGTTCGTGCTGG, ,
 , CGCTATCCAAGCACTT, ,
 , CGCTATCCAAGCACTT, ,
 , GTGTCCTCAATCGTCC, ,
 , GTGTCCTCAAGCGTCC, ,
 , GTGTCCTCAAGCGTCC, ,
 , GCGAGTCAGTGCCCTG, ,
 , GAACCGCAGGGAAGCG, ,
 , GAACCGCAGGGACGCG, ,
 , TCGCCTACAGTAGTCT, ,
 , GAACCGCAGGGAAGCG, ,
 , AAACTGCGTAGAACGC, ,
 , AAACTGCTTATAACGC, ,
 , TGCTTCGAGAGAACCC, ,
 , TCAGCTCGTTCGGGAA, ,
 , CCTTGCACACAGCCAC, ,
 , AACAAAGAGGGTGTTG, ,
 , AACAAAGAGGGTGTTG, ,
 , TGAGTCACATTGTGAC, ,
 , AGATAGATCAAACCCA, ,
 , CAGTGTAAGAGCGGTT, ,
 , TTACTTGCAAGTAACA, ,
 , GCAGCTGGTGGATTCT, ,
 , TGCTTCGAGAGAACCC, ,
 , GCTGTTCTCTCTGAGA, ,
 , GCTGTTCTCTCTGAGA, ,
 , ACAATCGTCAGTGTAC, ,
 , GCAGCTGGTGGTTTCT, ,
 , AGATAGATCAAACCCA, ,
 , TGCTTCGAGAGAACCC, ,
 , TGCTTCGAGACAACCC, ,
 , GAGCATTTCTGCTACC, ,
 , ATGGAACAGCTTACAT, ,
 , AGTGTACGTCCTCAGG, ,
 , GTCACAATCTGATCCC, ,
 , AACTGTGGTATGTCCA, ,
 , TCAAGCAGTTCATTTC, ,
 , GCTGTTCTCTCTGAGA, ,
 , TACATTCAGGATTGAT, ,
 , GATCGTATCCATCGAA, ,
 , TAGGAGGGTTCCTATT, ,
 , TCCAGAAGTGTCTCGG, ,
 , TCCAGAAGTGTCTCGG, ,
 , TAGACTGTCCCACTTG, ,
 , GCTGTTCTCTCTGAGA, ,
 , AACCAACTCGTTCCGT, ,
 , AACCAACTCGTTCCGT, ,
 , AACCAACTCGTTCCGT, ,
 , AACCAACTCGTTCCGT, ,
 , ATATTCCTCAGCACGC, ,
 , TGAGTCACATTGTGAC, ,
 , TGAGTCACATTGTGAC, ,
 , GGAGGATGTCAACTAC, ,
 , GCGGAAAGTAACCCGA, ,
 , GCATTCCTCCCTACGT, ,
 , TAGCACAAGATCTCAC, ,
 , TAGCACAAGATCTCAC, ,
 , GCGAGAACACTGTTAG, ,
 , GCTGTTCTCTCTGAGA, ,
 , GCTGTTCTCTCTGAGA, ,
 , ATCCAGACAAGGTTCT, ,
 , GCTCGAGTCCAGCACG, ,
 , ACATGGTTCAGGTTTG, ,
 , ACATGGTTCAGGTTTG, ,
 , ACATGGTTCAGGTTTG, ,
 , GCAGCTGGTGGATTCT, ,
 , GAACCGCAGGGAAGCG, ,
 , GAACCGCAGGGAAGCG, ,
 , TAAACCGCAAGTCTCA, ,
 , TCTATTGCAAGGAACC, ,
 , GCAGCTGCAACTTGGT, ,
 , GTGGCTCATCGCCTTC, ,
 , ACAATCGTCAGTGTAC, ,
 , TGCTTCGAGAGAACCC, ,
 , TGCTTCGAGAGAACCC, ,
 , CGTTCCACAGGGTAAC, ,
 , CGTTCCACAGGGTAAC, ,
 , ATTACTCTCTGTCGGG, ,
 , GCGATCGTAATACCAC, ,
 , ATGGATCAGCAGAAAG, ,
 , AATGCCACAACATAAG, ,
 , AATTCCACAACATAAG, ,
 , GAATCTGTCTGGTACA, ,
 , CTAGGGCGTTAGAGAT, ,
 , CTAGGGCGTTAGAGAT, ,
 , ATGCCACAACATAAGT, ,
 , GTAGACTAGAACGCCA, ,
 , GCAGCTGGTGGATTCT, ,
 , AGTGTACGTCCTCAGG, ,
 , GCGAGAAGTACTTCAG, ,
 , GGGCCATGTAGATGAT, ,
 , GAGGTCCAGTACAGTA, ,
 , GAGGTCCAGTACAGTA, ,
 , GCGATCGGTATTCGAC, ,
 , GCAGCTGGTGGATTCT, ,
 , CAACCAACACGCGTTG, ,
 , CAACCAACACGCGTTG, ,
 , TACGGATAGATCGATA, ,
 , GCAGCTGGTGGATTCT, ,
 , GCAGCTGGTGGATTCT, ,
 , GCCTAGGTCTGTGTCC, ,
 , GCTGTTCTCTCTGAGA, ,
 , GCTGTTCTCTCTGAGA, ,
 , GAGATTCAGCGAGAAA, ,
 , AGCCTGGGTAGGTAAT, ,
 , TGAGCCGTCATTCGGA, ,
 , TGAGCCGTCATTCGGA, ,
 , TGAGCCGTCATTCGGA, ,
 , CCTCCCTTCATTCGGA, ,
 , CCTCCCTTCATTCGGA, ,
 , CCGAAGCGTCCTTATT, ,
 , TGATTTCCAACGTAGG, ,
 , GAGGTCCGTACCTATG, ,
 , GAGGTCCGTACCTATG, ,
 , GCTGTTCTCTCTGAGA, ,
 , GGTGGCCCAGGAAGAT, ,
 , TGAGTCACATTGTGAC, ,
 , TGAGTCACATTGTGAC, ,
 , TGAGTCACATTGTGAC, ,
 , GACCGACAGGGAAGCG, ,
 , ACTGTCCAGACCTATC, ,
 , TTAGCTTCATCGGCTT, ,
 , TTAGCTTCATCGGCTT, ,
 , TTAGCTTCATCGGCTT, ,
 , TTAGCTTCATCGGCTG, ,
 , TTAGCTTCATCGGCTG, ,
 , CTAGGGCTCACAAGCT, ,
 , TGAGCCGTCATTCGGA, ,
 , GTTCAAGAGTCACACC, ,
 , GCGATCGGTCAACAGG, ,
 , AGTGCGCGTGCCCAGT, ,
 , GAACCGCAGGGAAGCG, ,
 , TGAGTCCCATTGTGAC, ,
 , GCTTTGGTGCGCATCT, ,
 , TGGACATAGGCTTCGC, ,
 , TGCTCGTGTTTGTGAC, ,
 , TGCTCGTGTTTGTGAC, ,
 , TTCTGTAAGAGGCGGA, ,
 , TCAAGCACATTCTCGC, ,
 , AGCTGGCTCTCGACAA, ,
 , TCTCTGGCAAGTAACA, ,
 , TCTCTGGCAAGTAACA, ,
 , TAGGGCGTTACGATAT, ,
 , CGTAAACAGGCCTCGT, ,
 , ATAGTCGTCGGGACAA, ,
 , ATAGTCGTCGGGACAA, ,
 , AGCGTGCAGCTGCTCG, ,
 , GCTGTTCTCTCTGAGA, ,
 , GCTGTTCTCTCTGAGA, ,
 , GGGTCTGGTGCAAAGC, ,
 , CGCTATCGTTAGGAAT, ,
 , GCTGTTCTCTCTGAGA, ,
 , GCTGTTCTCTCTGAGA, ,
 , TGGTCAAGTAAAGCTA, ,
 , GTTGGGCCGAAGGAAG, ,
 , ACCGGGTTCTCATATC, ,
 , TCAGTTTCACCCATCT, ,
 , GAGAACGTCTCTGAGA, ,
 , GCTGTTCTCTCTGAGA, ,
 , TTAACGGCAAGAGCGT, ,
 , TCAAGCATCAAGAGGC, ,
 , TAGCCCAGTCGGGGCT, ,
 , TGCTTCGAGAGAACCC, ,
 , TCAAAGCCAAACCTAC, ,
 , CATTGGATCTGATCCC, ,
 , TACGGATTCGATCTTT, ,
 , AATACGCCATAGACGG, ,
 , AGTCCGGTCGTGCTGG, ,
 , CAAGAAACATTCACCC, ,
 , CAGTATGAGCGTATCT, ,
 , GGAGAACGTTACTACG, ,
 , ACATGCATACAGCACG, ,
 , AAAGGATGTATTCACG, ,
 , TCACACAGATCTAAGT, ,
 , AGGACGAGTATGGGTG, ,
 , AGGACGAGTAGGGGTG, ,
 , AGGACGAGTATGGGTG, ,
 , CTTGCCAGTAGACGCA, ,
 , TGGGTTATCGCTTACC, ,
 , CACCACTGTAGGTAAT, ,
 , GGCGAAAGTACTTCAG, ,
 , GGCGAAAGTACTTCAG, ,
 , ACCAAACCAAGTAATG, ,
 , AGTGTACGTCCTCAGG, ,
 , TTGAGTGGTAGGGTTG, ,
 , TGCTCACTCCATACCC, ,
 , TGCTTCGAGAGAACCC, ,
 , TGCTTCGAGAGAACCC, ,
 , CTCACCAAGTATGCTC, ,
 , CTTGCCATCCTTACGC, ,
 , CTTGCCATCCTTACGC, ,
 , TAGCCGGGTGTTGGTT, ,
 , GCGCCAAGTCTGGATT, ,
 , TCAAAGCCATTATGGC, ,
 , TCAAAGCCAAACCTAC, ,
 , TCAAATCCAAACCTAA, ,
 , GCAGCTGGTGGATTCT, ,
 , GCAGCTGGTGGATTCT, ,
 , GCAGCTGGTGGATTCT, ,
 , TGATTTCTCACCCTTG, ,
 , TGATTTCTCACCCTTG, ,
 , TCCAGAAGTGTCTCGG, ,
 , TTTGGCCTCATCGCAA, ,
 , TTTGGCCTCATCGCAA, ,
 , TTTGGCCTCATCGCAA, ,
 , CGTGGCATCGGTCTCT, ,
 , TCAGGGCCAATACTGC, ,
 , TCGCAGGTCGTTCTAT, ,
 , TGCTTCGAGAGAACCC, ,
 , TGCTTCGAGAGAACCC, ,
 , TGCTTCGAGAGAACCC, ,
 , TCACCACCAGGGTAAC, ,
 , AGCTGGCAGTGGACGT, ,
 , TCAAAGCCATTATGGC, ,
 , GGTGTCGCAGGTAGCA, ,
 , GGTGTCGCAGGTAGCA, ,
 , AACAAAGAGGAAACTT, ,
 , ATATTCCAGATGGGAA, ,
 , ACAAGCTTCTCTATCA, ,
 , ACAAGCTTCTCTATCA, ,
 , AGTGTACGTCCTCAGG, ,
 , AGTGTACGTCCTCAGG, ,
 , AACATCGGTTACCACA, ,
 , GAGGCTCCAATTGCCA, ,
 , GTGGCTCCAATTGCCA, ,
 , AATGGCTAGCACACCC, ,
 , GCAGCTGGTGGATTCT, ,
 , TGCTTCGAGAGAACCC, ,
 , GCTGTTCTCTCTGAGT, ,
 , GTGTCCTATATAATTC, ,
 , TTGCCCACAATGTGCT, ,
 , TTGCCCACAATGTGCT, ,
 , TTGCTATGTTTAGGAA, ,
 , CTAGCGGGTGGAGTGT, ,
 , CAAGCTATCTACTTTG, ,
 , TTGAGCAGTTAACTCG, ,
 , TATGTTCCAAACGACG, ,
 , TATGTTCCAAACGACG, ,
 , AAAGGGGCGTTCCAAT, ,
 , TGGAAGGCACCGATCG, ,
 , GTGACATCACATAAAG, ,
 , AACCAACGTTCCTATT, ,
 , AAAGGGCGTTCCAATG, ,
 , AAAGGGCGTTCCAATG, ,
 , AAAGGGCGTTCCAATG, ,
 , CAAGGCCTCCTGAAAC, ,
 , GCAGCTGGTGGATTCT, ,
 , GCAGCTGGTGGATTCT, ,
 , TGCTCGTCATAGTCCA, ,
 , ACTGCAACACGAACGA, ,
 , ACTGCAACACGAACGA, ,
 , ACTGCAATCTACATCT, ,
 , GCAGCTGGTGGATTCT, ,
 , GCAGCTGGTGGATTCT, ,
 , TGCCTCATCACTGGTA, ,
 , ACGTTAGGTTCACGTA, ,
 , CTGGGACAGCATTGGG, ,
 , GCAGCTGGTGGATTCT, ,
 , TGATCAGCAAGACACG, ,
 , TCAGGGCGTCAATACC, ,
 , ACTTCCGCAGTTACAC, ,
 , ATCCATGAGTTGCTTG, ,
 , ATCCCTGAGTTGCTTG, ,
 , ATCCCTGAGTTGCTTG, ,
 , AGGCGAACAGTCCTGG, ,
 , AGGCGAACAGTCCTGG, ,
 , NTCCTGCGTGGAAGCT, ,
 , GAGACTTTCTGATCTT, ,
 , TGCATTTGTCCAAGAG, ,
 , AACCTGACAGCAACCC, ,
 , TGGGTGCTCCAGTACA, ,
 , GCAGCTGGTGGATTCT, ,
 , GGAACTTGTGTGACCC, ,
 , TTACTCATCTGTAGAC, ,
 , GGTGTCGCAGGTAGCA, ,
 , AGTGTACGTCCTCAGG, ,
 , GCAGCTGGTGGATTCT, ,
 , AAACTGCAGAGGTACC, ,
 , TAGCCGGCATTCTTTG, ,
 , TAGCCGGCATTCTTTG, ,
 , CTAGGGCGGGCAACAG, ,
 , GGACACCTCTGTCGGG, ,
 , GGCACGTAGCGGACTA, ,
 , GCACCTTCAAGTAACA, ,
 , GTGTCCTAGAGAATTC, ,
 , GCACCTTCAAGTAACA, ,
 , GCACCTTCAAGTAACA, ,
 , GCACCTTCAAGTAACA, ,
 , TGGACATGTGACAAGC, ,
 , TGGACCTGTGACAAGC, ,
 , CTGCTCATCCTCCCAA, ,
 , ATGTACGAGTCCGGAA, ,
 , CGGACCACATGGTAAA, ,
 , CTCACCACATTCACGA, ,
 , CTCACCACATTCACGA, ,
 , CGGTGCATCCAGTACA, ,
 , GCTTAAGTCAAGGCAG, ,
 , ATGTACGTCCCATAGA, ,
 , GTAGACTTCGTCCCTA, ,
 , TAAACCGGTAACGGTG, ,
 , CCATACCAGATCTAAG, ,
 , ACTATTCGTTTAGACC, ,
 , ACTATTCGTTTAGACC, ,
 , TAGACTGCAGGCATTT, ,
 , ACTCGGGTCGATGAAA, ,
 , TTACCGCAGGGTCTGA, ,
 , TTCATCACAGTAGGCA, ,
 , TGAGTCACATTGTGAC, ,
 , TGAGTCACATTGTGAC, ,
 , TGAGTCACATTGTGAC, ,
 , TAGCACAAGATCTCAC, ,
 , GGTCATAGTATGGGTG, ,
 , TCAGCTCCAGAAGTGC, ,
 , GCAGCTGGTGGATTCT, ,
 , TTGCAGAAGCCATGGA, ,
 , TTGCAGAAGCCATGGA, ,
 , AGTGTACGTCCTCAGG, ,
 , AAAGATGGTGCACATT, ,
 , TCGATTTTCGCATACA, ,
 , TGCATGATCGGTGATT, ,
 , GGTGTCGAGATCACCT, ,
 , GGTGTCGAGATCACCT, ,
 , AGCTGTACATTACTCT, ,
 , TCGCCTATCAGATACC, ,
 , AGGCGTCAGCGTTAGG, ,
 , AGGCGTCAGCGTTAGG, ,
 , TGAGTCACATTGTGAC, ,
 , TACCTATAGTATAGTG, ,
 , TACCTATAGTATAGTG, ,
 , CTCAGAATCCAGGCCA, ,
 , AGCTGGCCATTATGGC, ,
 , CTGTATTGTGGAGTGT, ,
 , TATGTGGGTGCGTGTC, ,
 , TGCTTCGATAGAACCC, ,
 , TCAAAGCCATTATGGC, ,
 , TAAACCGTCGTGAGTT, ,
 , TAAACCGTCGTGAGTT, ,
 , GCGGCTGGTGGATTCT, ,
 , CTAGGGCCATTACACG, ,
 , CATAACGAGTACGACG, ,
 , CCTGCTACAGCGTGAA, ,
 , ACAAGCTCAAGGTCGA, ,
 , TTGTTGTAGCATGATA, ,
 , TTGTTGTAGCATGATA, ,
 , TTGTTGTAGCATGATA, ,
 , GGAGAACTCGCTTCAC, ,
 , CAATCCCGTCAGTGTT, ,
 , TGAGTCCCATTGTGAC, ,
 , GCAGCTGGTGGATTCT, ,
 , TGCTATTCACAGAAGC, ,
 , CTACAGAAGTGTCGCC, ,
 , AGGCGTCAGCGTTAGG, ,
 , TCAGCTCCAGAAGTGC, ,
 , CTAGGGCCATTACACG, ,
 , CTAGGGCCATTACACG, ,
 , CTAGGGCCATTACACG, ,
 , GGAACCCAGTAATCAG, ,
 , TGAGTCACATTGTGAC, ,
 , TGAATCGGTTGCCGCA, ,
 , GGGAACAGTCCTTATT, ,
 , CTAGGGCCATTCCACG, ,
 , GCAGCTGGTGGATTCT, ,
 , GCAGCTGGTGGATTCT, ,
 , GCAGCTGGTGGATTCT, ,
 , CGAGTTACATTCCCGT, ,
 , CCTTGGTAGAACGTCG, ,
 , CCTTGGTAGAACGTCG, ,
 , CCTTGGTAGAACGTCG, ,
 , CCTTGGTAGAACGTCG, ,
 , TGGCCTTGTTTCCTAT, ,
 , GCTGTTCTCTCTGAGA, ,
 , GCTGTTCTCTCTGAGA, ,
 , GCTGTTCTCTCTGTGT, ,
 , GCTGTTCTCTCTGAGA, ,
 , TGGACATAGACTTGAA, ,
 , TGGACATAGACTTGAA, ,
 , TGGACATAGACTTGAA, ,
 , TGGACATAGACTTGAA, ,
 , CCCTAACAGATGGCAC, ,
 , CCAGAATTCACTAGCA, ,
 , TGCTTCGAGAGAACCC, ,
 , TACGAGGTCGATCTTT, ,
 , TGCTTCGAGAGAACCC, ,
 , GCAAAGGTCTTGTACT, ,
 , AGGCCTGCAGTTACAC, ,
 , AGCCTCGTCCATGTTT, ,
 , AGCCTCTTCCATGTTT, ,
 , AGCCTCTGCCATGTTT, ,
 , TCGATTTTCGCATACA, ,
 , CTAACTTAGAGGCAGG, ,
 , CTAGGGCTCCCGTAGG, ,
 , GCTGTTCTCTCTGAGA, ,
 , CTAACTTAGAGGCAGG, ,
 , CTAACTTAGAGGCAGG, ,
 , AATACGCGTAGGGTTG, ,
 , TCGCCTATCAGATACC, ,
 , AGCCTCTGCCATGTTT, ,
 , CATAACGTGGGTAATT, ,
 , TACGCAAGTCCGACGA, ,
 , CTTGCCAGTAGACGCA, ,
 , TATTGCTGTTTCCTAT, ,
 , ACTATTCGTGGACCAA, ,
 , CGGACTGGTGCTTACA, ,
 , GCAGCTGGTGGATTCT, ,
 , TACGCCTGTCATAGAA, ,
 , AGCCTCTTCCATGTTT, ,
 , AGCCTCTTCCATGTTT, ,
 , ACCGGGTAGTCCTTCC, ,
 , ACCGGGTAGTCCTTCC, ,
 , ACCGGGTAGTCCTTCC, ,
 , GTTATTCCAGATTTGC, ,
 , GAAGTCTTCCTCATTA, ,
 , GAGTGAGAGGATTGCG, ,
 , GCTGTTCTCTCTGAGA, ,
 , AATACGCGTACTTCAG, ,
 , TGCTTCGAGAGAACCC, ,
 , TCGCCTATCAGATACC, ,
 , GCTGTTCTCTCTGAGA, ,
 , GAAAGTACATGTGAGG, ,
 , GAGTGAGAGGATTGCG, ,
 , GAGTGAGAGGATTGCG, ,
 , TGCTTTAGTGATAACA, ,
 , TGCTTTAGTGATAACA, ,
 , GAAGAGCCAGAGTCGA, ,
 , GCAGCTGGTGGATTCT, ,
 , GCTGTTCTCTCTGAGA, ,
 , GCTGTTCTCTCTGAGT, ,
 , GCTGTTCTCTCTGAGA, ,
 , GCTGTTCTCTCTGAGA, ,
 , GCTGTTCTCTCTGAGA, ,
 , GAGACTTGTTCTACCC, ,
 , GAGACTTGTTCTACCC, ,
 , TCGCCTATCAGATACC, ,
 , TCGCCTATCAGATACC, ,
 , ACTACGCGTAGGGTTG, ,
 , CCATACCAGTTAGCGG, ,
 , AACTGTGTCTATCTCA, ,
 , ACTATTCTCAATGCAC, ,
 , AAATGAGCATGCGACC, ,
 , GTTATTCAGTCTTAGC, ,
 , CTTGAAGTCGTCTTAT, ,
 , CTTGAAGTCGTCTTAT, ,
 , CCACAGGGTATTGTCG, ,
 , CCACAGGGTATTGTCG, ,
 , CCACAGGGTATTGTCG, ,
 , TAGCGGCGTTAGCTCA, ,
 , TGCACCTCACCCTTTG, ,
 , GGCATTAAGGTTAGTA, ,
 , CACTGAACAACGGGTA, ,
 , GATCATGGTCACTCTC, ,
 , TCAGTCCCACAAGTGG, ,
 , CAGGATTTCCTGTAGA, ,
 , TGAGTCACAGTGTGAC, ,
 , TTTACGTTCCATGTTT, ,
 , CTTTGCGAGATTGACA, ,
 , TTGCCCACAGGATAGC, ,
 , ATGGATCAGTGCTAGG, ,
 , GTCCATCTCAACACGT, ,
 , GGCACGTAGAGAACCC, ,
 , CAGTGTAAGTCTCTAG, ,
 , CAGTGTAAGTCTCTAG, ,
 , CGTAAACCACGCGCAT, ,
 , AGCCTCTTCCATGTTT, ,
 , CAGTGTAAGTCTCTAG, ,
 , TTTGGCCAGTCTGCGA, ,
 , TACAGCAAGTCCCGCA, ,
 , TGCTTCGAGAGAACCC, ,
 , TGCTTCGAGAGAACCC, ,
 , TGCTTCGAGAGAACCC, ,
 , GTCACAAGTCTCTGCT, ,
 , GTCACAAGTCTCTGCT, ,
 , TCAAATCCAGCTGATT, ,
 , CTAGGGCTCAGAACGG, ,
 , GCAGCTGGTGGATTCT, ,
 , ACTATTCAGTCTTAGC, ,
 , ACTATTCAGTCTTAGC, ,
 , GCTTTCGCAAGCGTCC, ,
 , GCAGCTGGTGGATTCT, ,
 , GCAGCTGGTGGATTCT, ,
 , AACCAACCAAACCAAA, ,
 , AACCAACCAAACCCTA, ,
 , GCATGATGTAGTGATA, ,
 , AATGGAATCCAGGGAA, ,
 , GGGTGTCGTTAGGCTT, ,
 , CAGTGTATCAGTACAC, ,
 , AACTGTGTCGTCCCTA, ,
 , AACTGTGTCGTCCCTA, ,
 , TGCTTCGAGAGAACCC, ,
 , TCCCACAGTTCTTTGG, ,
 , TCCCACAGTTCTTAGG, ,
 , TCCCACAGTTCTTAGG, ,
 , TCCCACAGTTCTTAGG, ,
 , TTACGGATCCGGCGAT, ,
 , CCCTGATGTATATGGA, ,
 , GCGCATGCAATGGTCT, ,
 , TCGAGCGCATTTCTTG, ,
 , GTGTGATAGTCGGGAT, ,
 , TGGGTGCTCCAGTACA, ,
 , TGGGTGCTCCAGTACA, ,
 , TGGGTGCTCCAGTACA, ,
 , GGCATTAAGGTTAGTA, ,
 , AGCCTCTTCCATGTTT, ,
 , AGCCTCTTCCATGTTT, ,
 , CAGGGCTCATGGGAAC, ,
 , TTGCACCTCTCGGTTA, ,
 , ACTGTCCCAAGGAGGG, ,
 , GCAGCTGGTGGATTCT, ,
 , AACTGTGCACCAAGGA, ,
 , GTAGGAGGTTCTGAGT, ,
 , GCAGCTGGTGGATTCT, ,
 , TCGCCTATCAGATACC, ,
 , TCATGGCGTCCGTATA, ,
 , TCAGGGCGTTACGGAG, ,
 , TGTGACAGTTCCAGTA, ,
 , CATTGGACACCACGAC, ,
 , TGGTCAACAATTGCCA, ,
 , GAAGTCTTCAGTCTTT, ,
 , AGCCTCTTCCATGTTT, ,
 , AGCCTCTTCCATGTTT, ,
 , AGGCCCACAATGCCAT, ,
 , AGGCCCACAATGCCAT, ,
 , AGGCCCACAATGCCAT, ,
 , TGTACAGGTGGTCGAA, ,
 , GCAGCGGGTGGTTTCT, ,
 , GCCGCTGGGGGCTTCT, ,
 , GCAGCTGGTGGATTCT, ,
 , TGAGTCACATTGTGAC, ,
 , TGAGTCACATTGTGAC, ,
 , AGCCTCTTCCATGTTT, ,
 , TAGGTCATCGCTTGAA, ,
 , TCGCCTATCAGATACC, ,
 , TTACGGAGTACTTTAC, ,
 , CTAGGGCCATTACACG, ,
 , GTGATCAAGTATAGTG, ,
 , TCAGGGCGTTACGCTA, ,
 , CTAGGGCCATTACACG, ,
 , TGCTTCGAGTAACTCC, ,
 , TGCTTCGAGTAACTCC, ,
 , TGCTTCGAGTAACGCC, ,
 , CATTCCGCAGACTAAA, ,
 , TCTATTGTCGCTATTT, ,
 , TCTATTGTCGCTATTT, ,
 , TCTATTGTCGCTATTT, ,
 , TGAGTCACATTGTGAC, ,
 , CTAGGATGTACGTAGG, ,
 , CGCTGGAAGTCGGGAT, ,
 , GCAGCTGGTGGATTCT, ,
 , CAGGATTCATACTGCA, ,
 , GCAGCTGGTGGATTCT, ,
 , CTAGGGCCATTACACG, ,
 , CTCAGCTTCGGGAAAC, ,
 , TCGCCTATCAGATACC, ,
 , TCGTTCGGTTAAGGGC, ,
 , GTCACAATCTCTGTTA, ,
 , GTCACAATCTCTGTTA, ,
 , CTAACTTCAAGACTTC, ,
 , TCGCCTATCAGATACC, ,
 , TAGGTCAAGAGCGGTT, ,
 , TGCTCACAGGCAATTA, ,
 , TCAAAGCCAAACCTAC, ,
 , TCAGGGCGTTACGGAG, ,
 , TCAGGGCGTTACGCTA, ,
 , TCAAAGCCAAACCTAC, ,
 , CTCCCAAGTTAGTAGA, ,
 , CTCAGCTGTGCCCGAT, ,
 , GCAGCGGGTGGATTCT, ,
 , CTGGCAGTCCTAAGTG, ,
 , AGTGTACGGCCGCAGG, ,
 , TCTCCTATCAGATACC, ,
 , TGTTAGGAGACCGCAA, ,
 , TGTTAGGAGACCGCAA, ,
 , GCGGTGTAGCAGAGCT, ,
 , GCGGTGTAGCAGAGCT, ,
 , TGAGTCACATTGTGAC, ,
 , TCGCCTATCAGATACC, ,
 , AATACGCGTAGGGTTG, ,
 , AATACGCGTAGGGTTG, ,
 , TGTGACATCGGACGAA, ,
 , TTATGTCCAATTAGGA, ,
 , TTATGTCCAATTAGGA, ,
 , TTATGTCCAATTAGGA, ,
 , TTATGTCGTTTCCACC, ,
 , TTATGTCGTTTCCACC, ,
 , AAATGAGCAATCAGGG, ,
 , AAATGAGCAATCAGGG, ,
 , TCTCAGCGTGCTGAAG, ,
 , TCGCCTATCAGATACC, ,
 , CAGTGTACAAATTCCG, ,
 , TCACCACGTTATCGAC, ,
 , CGGTGCATCCGTCAAA, ,
 , TTCGGTCGTGCAAGAC, ,
 , TTCGGTCGTGCAAGAC, ,
 , TTCGGTCGTGCAAGAC, ,
 , CTCAACCTCGAGAACG, ,
 , CTCAACCTCGAGAACG, ,
 , AATACGCCACCCTTTG, ,
 , GGTGTCGGTCAGAAAT, ,
 , TTCGGTCGTGCAAGAC, ,
 , GTGTCAATCTTGTACT, ,
 , GAACGTTCATTAGCCA, ,
 , GAACGTTCATTAGCCA, ,
 , GAACGTTCATTAGCCA, ,
 , GATGGCCAGCATTCCA, ,
 , GAACGTTCATTAGCCA, ,
 , TCAAAGCCAAACCTAC, ,
 , GGCATTAGTAAGCCGA, ,
 , GGCATTAGTAAGCCGA, ,
 , GGCATTAGTAAGCCGA, ,
 , TGGGTGCTCCAGTACA, ,
 , ACATGGTAGGAATGGA, ,
 , GGTACCGTCCAACCTC, ,
 , TGCTTCGAGAGAACCC, ,
 , TGCTTCGAGAGAACCC, ,
 , CAACGGCGTGTGAGGT, ,
 , AAGGAGCCAGGTTATC, ,
 , TCGCCTATCAGATACC, ,
 , CAGTATGAGGACTAGC, ,
 , CAGTATGAGGACTAGC, ,
 , GTTGGTAGTTCCATCC, ,
 , GCAGCTGGTGGATTCT, ,
 , TCAAGACTCTTCTCTC, ,
 , CCCTAGTGTCGCTACG, ,
 , CCCTAGTGTCGCTACG, ,
 , TCAAGACTCTTCTCTC, ,
 , TCAAGACTCTTCTCTC, ,
 , TCAAGACTCTTCTCTC, ,
 , TCAAGACTCTTCTCTC, ,
 , TACATGGTCGCGTTCT, ,
 , TGGGTGCTCCAGTACA, ,
 , TTGGTCCAGAGGCAGG, ,
 , TTCCTTAAGCAATAAC, ,
 , GCTTTCGAGACCCATT, ,
 , TCAAAGCCACTCCTCA, ,
 , GTCCGACAGTTAGCAA, ,
 , TGCTTCGAGAGAACCC, ,
 , TGCTTCGAGAGAACCC, ,
 , ACATGGTAGGCGTCCT, ,
 , TGACAACCATGCGTTA, ,
 , TGAGTCCCATTGTGAC, ,
 , CTTGCCAAGACACTTC, ,
 , GCAGCTGGTGGATTCT, ,
 , CTAGTATGTAAGTAGG, ,
 , ACAGCGCTCTGCTACC, ,
 , GCAGCTGGTGGATTCT, ,
 , GCAGCTGGTGGATTCT, ,
 , TGCATTTGTCATGAGG, ,
 , TCGCCTATCAGATACC, ,
 , TCACCACGTTACGGAG, ,
 , TGCTTCGAGAGAACCC, ,
 , TGCTTCGAGAGAACCC, ,
